"28"	"98"
"105"	"98"
"136"	"98"
"182"	"98"
"184"	"98"
"185"	"98"
"186"	"98"
"189"	"98"
"190"	"98"
"191"	"98"
"210"	"98"
"213"	"98"
"242"	"98"
"243"	"98"
"249"	"98"
"250"	"98"
"272"	"98"
"328"	"98"
"158"	"137"
"159"	"137"
"7"	"98"
"7"	"137"
"263"	"219"
"334"	"219"
"117"	"98"
"117"	"219"
"209"	"98"
"209"	"219"
"102"	"30"
"102"	"98"
"102"	"137"
"102"	"219"
"319"	"30"
"319"	"98"
"319"	"137"
"319"	"219"
"323"	"30"
"323"	"98"
"323"	"137"
"323"	"219"
"324"	"30"
"324"	"98"
"324"	"137"
"324"	"219"
"339"	"30"
"339"	"98"
"339"	"137"
"339"	"219"
"9"	"246"
"15"	"246"
"63"	"246"
"82"	"246"
"84"	"246"
"110"	"246"
"125"	"246"
"216"	"246"
"218"	"246"
"222"	"246"
"244"	"246"
"245"	"246"
"256"	"246"
"309"	"246"
"310"	"246"
"320"	"246"
"330"	"246"
"335"	"246"
"336"	"246"
"337"	"246"
"3"	"99"
"3"	"246"
"8"	"137"
"8"	"246"
"38"	"99"
"38"	"246"
"45"	"99"
"45"	"246"
"55"	"99"
"55"	"246"
"119"	"99"
"119"	"246"
"131"	"98"
"131"	"246"
"135"	"137"
"135"	"246"
"203"	"99"
"203"	"246"
"217"	"137"
"217"	"246"
"235"	"99"
"235"	"246"
"267"	"219"
"267"	"246"
"271"	"99"
"271"	"246"
"289"	"98"
"289"	"246"
"316"	"99"
"316"	"246"
"13"	"30"
"13"	"99"
"13"	"246"
"37"	"98"
"37"	"99"
"37"	"246"
"41"	"98"
"41"	"99"
"41"	"246"
"42"	"98"
"42"	"99"
"42"	"246"
"43"	"98"
"43"	"99"
"43"	"246"
"44"	"98"
"44"	"99"
"44"	"246"
"47"	"98"
"47"	"219"
"47"	"246"
"53"	"98"
"53"	"99"
"53"	"246"
"66"	"98"
"66"	"99"
"66"	"246"
"70"	"98"
"70"	"219"
"70"	"246"
"75"	"30"
"75"	"99"
"75"	"246"
"86"	"99"
"86"	"137"
"86"	"246"
"91"	"98"
"91"	"99"
"91"	"246"
"92"	"98"
"92"	"99"
"92"	"246"
"93"	"98"
"93"	"99"
"93"	"246"
"97"	"30"
"97"	"99"
"97"	"246"
"103"	"98"
"103"	"99"
"103"	"246"
"104"	"30"
"104"	"99"
"104"	"246"
"109"	"98"
"109"	"99"
"109"	"246"
"115"	"98"
"115"	"99"
"115"	"246"
"116"	"98"
"116"	"99"
"116"	"246"
"123"	"98"
"123"	"99"
"123"	"246"
"146"	"30"
"146"	"99"
"146"	"246"
"147"	"30"
"147"	"99"
"147"	"246"
"148"	"30"
"148"	"99"
"148"	"246"
"149"	"30"
"149"	"99"
"149"	"246"
"150"	"30"
"150"	"99"
"150"	"246"
"160"	"23"
"160"	"219"
"160"	"246"
"164"	"30"
"164"	"99"
"164"	"246"
"172"	"98"
"172"	"219"
"172"	"246"
"173"	"98"
"173"	"137"
"173"	"246"
"174"	"98"
"174"	"219"
"174"	"246"
"177"	"98"
"177"	"219"
"177"	"246"
"188"	"30"
"188"	"99"
"188"	"246"
"199"	"30"
"199"	"219"
"199"	"246"
"201"	"30"
"201"	"219"
"201"	"246"
"202"	"30"
"202"	"219"
"202"	"246"
"211"	"98"
"211"	"99"
"211"	"246"
"224"	"30"
"224"	"99"
"224"	"246"
"225"	"30"
"225"	"99"
"225"	"246"
"226"	"30"
"226"	"99"
"226"	"246"
"230"	"30"
"230"	"99"
"230"	"246"
"247"	"30"
"247"	"99"
"247"	"246"
"257"	"137"
"257"	"219"
"257"	"246"
"265"	"30"
"265"	"99"
"265"	"246"
"268"	"30"
"268"	"99"
"268"	"246"
"281"	"30"
"281"	"99"
"281"	"246"
"293"	"98"
"293"	"99"
"293"	"246"
"296"	"98"
"296"	"99"
"296"	"246"
"301"	"98"
"301"	"99"
"301"	"246"
"306"	"98"
"306"	"219"
"306"	"246"
"317"	"30"
"317"	"99"
"317"	"246"
"322"	"98"
"322"	"219"
"322"	"246"
"333"	"98"
"333"	"99"
"333"	"246"
"34"	"30"
"34"	"99"
"34"	"219"
"34"	"246"
"35"	"30"
"35"	"99"
"35"	"219"
"35"	"246"
"139"	"98"
"139"	"99"
"139"	"219"
"139"	"246"
"198"	"30"
"198"	"99"
"198"	"219"
"198"	"246"
"229"	"98"
"229"	"99"
"229"	"219"
"229"	"246"
"285"	"99"
"285"	"124"
"285"	"219"
"285"	"246"
"67"	"234"
"67"	"259"
"67"	"274"
"67"	"300"
"67"	"318"
"237"	"246"
"237"	"259"
"237"	"274"
"237"	"300"
"237"	"318"
"241"	"234"
"241"	"259"
"241"	"274"
"241"	"300"
"241"	"318"
"24"	"234"
"24"	"246"
"24"	"259"
"24"	"274"
"24"	"300"
"24"	"318"
"151"	"98"
"151"	"234"
"151"	"259"
"151"	"274"
"151"	"300"
"151"	"318"
"1"	"98"
"1"	"137"
"1"	"234"
"1"	"259"
"1"	"274"
"1"	"300"
"1"	"318"
"59"	"124"
"59"	"234"
"59"	"246"
"59"	"259"
"59"	"274"
"59"	"300"
"59"	"318"
"83"	"98"
"83"	"234"
"83"	"246"
"83"	"259"
"83"	"274"
"83"	"300"
"83"	"318"
"238"	"137"
"238"	"234"
"238"	"246"
"238"	"259"
"238"	"274"
"238"	"300"
"238"	"318"
"258"	"30"
"258"	"234"
"258"	"246"
"258"	"259"
"258"	"274"
"258"	"300"
"258"	"318"
"12"	"98"
"12"	"99"
"12"	"219"
"12"	"234"
"12"	"246"
"12"	"259"
"12"	"274"
"12"	"300"
"12"	"318"
"5"	"23"
"5"	"25"
"5"	"33"
"5"	"57"
"5"	"58"
"5"	"62"
"5"	"65"
"5"	"71"
"5"	"72"
"5"	"73"
"5"	"74"
"5"	"77"
"5"	"78"
"5"	"101"
"5"	"107"
"5"	"108"
"5"	"112"
"5"	"113"
"5"	"114"
"5"	"122"
"5"	"126"
"5"	"127"
"5"	"154"
"5"	"171"
"5"	"180"
"5"	"260"
"5"	"279"
"5"	"280"
"5"	"304"
"5"	"311"
"5"	"332"
"152"	"23"
"152"	"25"
"152"	"33"
"152"	"57"
"152"	"58"
"152"	"62"
"152"	"65"
"152"	"71"
"152"	"72"
"152"	"73"
"152"	"74"
"152"	"77"
"152"	"78"
"152"	"101"
"152"	"107"
"152"	"108"
"152"	"112"
"152"	"113"
"152"	"114"
"152"	"122"
"152"	"126"
"152"	"127"
"152"	"154"
"152"	"171"
"152"	"180"
"152"	"260"
"152"	"279"
"152"	"280"
"152"	"304"
"152"	"311"
"152"	"332"
"161"	"23"
"161"	"25"
"161"	"33"
"161"	"57"
"161"	"58"
"161"	"62"
"161"	"65"
"161"	"71"
"161"	"72"
"161"	"73"
"161"	"74"
"161"	"77"
"161"	"78"
"161"	"101"
"161"	"107"
"161"	"108"
"161"	"112"
"161"	"113"
"161"	"114"
"161"	"122"
"161"	"126"
"161"	"127"
"161"	"154"
"161"	"171"
"161"	"180"
"161"	"260"
"161"	"279"
"161"	"280"
"161"	"304"
"161"	"311"
"161"	"332"
"255"	"23"
"255"	"25"
"255"	"33"
"255"	"57"
"255"	"58"
"255"	"62"
"255"	"65"
"255"	"71"
"255"	"72"
"255"	"73"
"255"	"74"
"255"	"77"
"255"	"78"
"255"	"101"
"255"	"107"
"255"	"108"
"255"	"112"
"255"	"113"
"255"	"114"
"255"	"122"
"255"	"126"
"255"	"127"
"255"	"154"
"255"	"171"
"255"	"180"
"255"	"260"
"255"	"279"
"255"	"280"
"255"	"304"
"255"	"311"
"255"	"332"
"16"	"23"
"16"	"25"
"16"	"33"
"16"	"57"
"16"	"58"
"16"	"62"
"16"	"65"
"16"	"71"
"16"	"72"
"16"	"73"
"16"	"74"
"16"	"77"
"16"	"78"
"16"	"101"
"16"	"107"
"16"	"108"
"16"	"112"
"16"	"113"
"16"	"114"
"16"	"122"
"16"	"126"
"16"	"127"
"16"	"137"
"16"	"154"
"16"	"171"
"16"	"180"
"16"	"260"
"16"	"279"
"16"	"280"
"16"	"304"
"16"	"311"
"16"	"332"
"200"	"23"
"200"	"25"
"200"	"33"
"200"	"57"
"200"	"58"
"200"	"62"
"200"	"65"
"200"	"71"
"200"	"72"
"200"	"73"
"200"	"74"
"200"	"77"
"200"	"78"
"200"	"101"
"200"	"107"
"200"	"108"
"200"	"112"
"200"	"113"
"200"	"114"
"200"	"122"
"200"	"126"
"200"	"127"
"200"	"154"
"200"	"171"
"200"	"180"
"200"	"219"
"200"	"246"
"200"	"260"
"200"	"279"
"200"	"280"
"200"	"304"
"200"	"311"
"200"	"332"
"69"	"98"
"69"	"219"
"69"	"182"
"118"	"98"
"118"	"219"
"118"	"246"
"118"	"182"
"155"	"249"
"155"	"250"
"4"	"109"
"192"	"109"
"88"	"116"
"2"	"137"
"2"	"116"
"20"	"150"
"20"	"164"
"277"	"211"
"60"	"13"
"60"	"75"
"60"	"97"
"60"	"104"
"60"	"146"
"60"	"147"
"60"	"148"
"60"	"149"
"60"	"150"
"60"	"164"
"60"	"188"
"60"	"224"
"60"	"225"
"60"	"226"
"60"	"230"
"60"	"247"
"60"	"265"
"60"	"268"
"60"	"281"
"60"	"317"
"79"	"13"
"79"	"75"
"79"	"97"
"79"	"104"
"79"	"146"
"79"	"147"
"79"	"148"
"79"	"149"
"79"	"150"
"79"	"164"
"79"	"188"
"79"	"224"
"79"	"225"
"79"	"226"
"79"	"230"
"79"	"247"
"79"	"265"
"79"	"268"
"79"	"281"
"79"	"317"
"168"	"13"
"168"	"75"
"168"	"97"
"168"	"104"
"168"	"146"
"168"	"147"
"168"	"148"
"168"	"149"
"168"	"150"
"168"	"164"
"168"	"188"
"168"	"224"
"168"	"225"
"168"	"226"
"168"	"230"
"168"	"247"
"168"	"265"
"168"	"268"
"168"	"281"
"168"	"317"
"169"	"13"
"169"	"75"
"169"	"97"
"169"	"104"
"169"	"146"
"169"	"147"
"169"	"148"
"169"	"149"
"169"	"150"
"169"	"164"
"169"	"188"
"169"	"224"
"169"	"225"
"169"	"226"
"169"	"230"
"169"	"247"
"169"	"265"
"169"	"268"
"169"	"281"
"169"	"317"
"170"	"13"
"170"	"75"
"170"	"97"
"170"	"104"
"170"	"146"
"170"	"147"
"170"	"148"
"170"	"149"
"170"	"150"
"170"	"164"
"170"	"188"
"170"	"224"
"170"	"225"
"170"	"226"
"170"	"230"
"170"	"247"
"170"	"265"
"170"	"268"
"170"	"281"
"170"	"317"
"214"	"99"
"214"	"137"
"214"	"246"
"214"	"237"
"284"	"99"
"284"	"137"
"284"	"246"
"284"	"237"
"39"	"246"
"39"	"216"
"39"	"3"
"39"	"38"
"39"	"55"
"39"	"119"
"39"	"316"
"39"	"214"
"39"	"284"
"254"	"99"
"254"	"137"
"254"	"246"
"254"	"216"
"254"	"38"
"254"	"284"
"254"	"39"
"50"	"216"
"50"	"3"
"50"	"38"
"50"	"55"
"50"	"119"
"50"	"316"
"50"	"214"
"50"	"284"
"50"	"39"
"50"	"254"
"94"	"216"
"94"	"3"
"94"	"38"
"94"	"55"
"94"	"119"
"94"	"316"
"94"	"214"
"94"	"284"
"94"	"39"
"94"	"254"
"138"	"216"
"138"	"3"
"138"	"38"
"138"	"55"
"138"	"119"
"138"	"316"
"138"	"214"
"138"	"284"
"138"	"39"
"138"	"254"
"48"	"125"
"48"	"216"
"48"	"3"
"48"	"38"
"48"	"55"
"48"	"119"
"48"	"316"
"48"	"214"
"48"	"284"
"48"	"39"
"48"	"254"
"134"	"137"
"134"	"216"
"134"	"3"
"134"	"38"
"134"	"55"
"134"	"119"
"134"	"316"
"134"	"214"
"134"	"284"
"134"	"39"
"134"	"254"
"165"	"246"
"165"	"216"
"165"	"3"
"165"	"38"
"165"	"55"
"165"	"119"
"165"	"316"
"165"	"214"
"165"	"284"
"165"	"39"
"165"	"254"
"299"	"246"
"299"	"216"
"299"	"3"
"299"	"38"
"299"	"55"
"299"	"119"
"299"	"316"
"299"	"214"
"299"	"284"
"299"	"39"
"299"	"254"
"36"	"99"
"36"	"246"
"36"	"216"
"36"	"3"
"36"	"38"
"36"	"55"
"36"	"119"
"36"	"316"
"36"	"214"
"36"	"284"
"36"	"39"
"36"	"254"
"52"	"137"
"52"	"246"
"52"	"216"
"52"	"3"
"52"	"38"
"52"	"55"
"52"	"119"
"52"	"316"
"52"	"214"
"52"	"284"
"52"	"39"
"52"	"254"
"81"	"98"
"81"	"246"
"81"	"216"
"81"	"3"
"81"	"38"
"81"	"55"
"81"	"119"
"81"	"316"
"81"	"214"
"81"	"284"
"81"	"39"
"81"	"254"
"331"	"99"
"331"	"246"
"331"	"216"
"331"	"3"
"331"	"38"
"331"	"55"
"331"	"119"
"331"	"316"
"331"	"214"
"331"	"284"
"331"	"39"
"331"	"254"
"121"	"99"
"121"	"137"
"121"	"246"
"121"	"216"
"121"	"3"
"121"	"38"
"121"	"55"
"121"	"119"
"121"	"316"
"121"	"214"
"121"	"284"
"121"	"39"
"121"	"254"
"215"	"124"
"215"	"137"
"215"	"246"
"215"	"216"
"215"	"3"
"215"	"38"
"215"	"55"
"215"	"119"
"215"	"316"
"215"	"214"
"215"	"284"
"215"	"39"
"215"	"254"
"239"	"99"
"239"	"137"
"239"	"246"
"239"	"216"
"239"	"3"
"239"	"38"
"239"	"55"
"239"	"119"
"239"	"316"
"239"	"214"
"239"	"284"
"239"	"39"
"239"	"254"
"273"	"99"
"273"	"137"
"273"	"246"
"273"	"216"
"273"	"3"
"273"	"38"
"273"	"55"
"273"	"119"
"273"	"316"
"273"	"214"
"273"	"284"
"273"	"39"
"273"	"254"
"29"	"124"
"29"	"234"
"29"	"259"
"29"	"274"
"29"	"300"
"29"	"318"
"29"	"216"
"29"	"3"
"29"	"38"
"29"	"55"
"29"	"119"
"29"	"316"
"29"	"214"
"29"	"284"
"29"	"39"
"29"	"254"
"133"	"23"
"133"	"25"
"133"	"33"
"133"	"57"
"133"	"58"
"133"	"62"
"133"	"65"
"133"	"71"
"133"	"72"
"133"	"73"
"133"	"74"
"133"	"77"
"133"	"78"
"133"	"101"
"133"	"107"
"133"	"108"
"133"	"112"
"133"	"113"
"133"	"114"
"133"	"122"
"133"	"126"
"133"	"127"
"133"	"137"
"133"	"154"
"133"	"171"
"133"	"180"
"133"	"260"
"133"	"279"
"133"	"280"
"133"	"304"
"133"	"311"
"133"	"332"
"133"	"216"
"133"	"3"
"133"	"38"
"133"	"55"
"133"	"119"
"133"	"316"
"133"	"214"
"133"	"284"
"133"	"39"
"133"	"254"
"240"	"110"
"240"	"337"
"240"	"299"
"282"	"23"
"282"	"25"
"282"	"33"
"282"	"57"
"282"	"58"
"282"	"62"
"282"	"65"
"282"	"71"
"282"	"72"
"282"	"73"
"282"	"74"
"282"	"77"
"282"	"78"
"282"	"101"
"282"	"107"
"282"	"108"
"282"	"112"
"282"	"113"
"282"	"114"
"282"	"122"
"282"	"126"
"282"	"127"
"282"	"154"
"282"	"171"
"282"	"180"
"282"	"260"
"282"	"279"
"282"	"280"
"282"	"304"
"282"	"311"
"282"	"332"
"282"	"13"
"282"	"37"
"282"	"41"
"282"	"42"
"282"	"43"
"282"	"44"
"282"	"53"
"282"	"66"
"282"	"75"
"282"	"91"
"282"	"92"
"282"	"93"
"282"	"97"
"282"	"103"
"282"	"104"
"282"	"109"
"282"	"115"
"282"	"116"
"282"	"123"
"282"	"146"
"282"	"147"
"282"	"148"
"282"	"149"
"282"	"150"
"282"	"164"
"282"	"188"
"282"	"211"
"282"	"224"
"282"	"225"
"282"	"226"
"282"	"230"
"282"	"247"
"282"	"265"
"282"	"268"
"282"	"281"
"282"	"293"
"282"	"296"
"282"	"301"
"282"	"317"
"282"	"333"
"282"	"67"
"282"	"299"
"106"	"23"
"106"	"25"
"106"	"33"
"106"	"57"
"106"	"58"
"106"	"62"
"106"	"65"
"106"	"71"
"106"	"72"
"106"	"73"
"106"	"74"
"106"	"77"
"106"	"78"
"106"	"101"
"106"	"107"
"106"	"108"
"106"	"112"
"106"	"113"
"106"	"114"
"106"	"122"
"106"	"126"
"106"	"127"
"106"	"154"
"106"	"171"
"106"	"180"
"106"	"260"
"106"	"279"
"106"	"280"
"106"	"304"
"106"	"311"
"106"	"332"
"106"	"37"
"106"	"41"
"106"	"42"
"106"	"43"
"106"	"44"
"106"	"53"
"106"	"66"
"106"	"86"
"106"	"91"
"106"	"92"
"106"	"93"
"106"	"103"
"106"	"109"
"106"	"115"
"106"	"116"
"106"	"123"
"106"	"211"
"106"	"293"
"106"	"296"
"106"	"301"
"106"	"333"
"106"	"67"
"106"	"299"
"106"	"52"
"87"	"137"
"87"	"116"
"87"	"331"
"153"	"98"
"153"	"13"
"153"	"75"
"153"	"97"
"153"	"104"
"153"	"146"
"153"	"147"
"153"	"148"
"153"	"149"
"153"	"150"
"153"	"164"
"153"	"188"
"153"	"224"
"153"	"225"
"153"	"226"
"153"	"230"
"153"	"247"
"153"	"265"
"153"	"268"
"153"	"281"
"153"	"317"
"153"	"331"
"6"	"124"
"6"	"216"
"6"	"3"
"6"	"38"
"6"	"55"
"6"	"119"
"6"	"316"
"6"	"214"
"6"	"284"
"6"	"39"
"6"	"254"
"6"	"121"
"6"	"273"
"313"	"124"
"313"	"216"
"313"	"3"
"313"	"38"
"313"	"55"
"313"	"119"
"313"	"316"
"313"	"214"
"313"	"284"
"313"	"39"
"313"	"254"
"313"	"121"
"313"	"273"
"17"	"124"
"17"	"110"
"17"	"216"
"17"	"337"
"17"	"3"
"17"	"38"
"17"	"55"
"17"	"119"
"17"	"316"
"17"	"214"
"17"	"284"
"17"	"39"
"17"	"254"
"17"	"299"
"17"	"121"
"17"	"273"
"61"	"124"
"61"	"110"
"61"	"216"
"61"	"337"
"61"	"3"
"61"	"38"
"61"	"55"
"61"	"119"
"61"	"316"
"61"	"214"
"61"	"284"
"61"	"39"
"61"	"254"
"61"	"299"
"61"	"121"
"61"	"273"
"144"	"124"
"144"	"102"
"144"	"319"
"144"	"323"
"144"	"324"
"144"	"339"
"144"	"216"
"144"	"3"
"144"	"38"
"144"	"55"
"144"	"119"
"144"	"316"
"144"	"214"
"144"	"284"
"144"	"39"
"144"	"254"
"144"	"121"
"144"	"273"
"49"	"102"
"49"	"319"
"49"	"323"
"49"	"324"
"49"	"339"
"49"	"125"
"49"	"216"
"49"	"3"
"49"	"38"
"49"	"55"
"49"	"119"
"49"	"316"
"49"	"237"
"49"	"238"
"49"	"214"
"49"	"284"
"49"	"39"
"49"	"254"
"49"	"121"
"49"	"239"
"49"	"273"
"252"	"124"
"252"	"102"
"252"	"319"
"252"	"323"
"252"	"324"
"252"	"339"
"252"	"125"
"252"	"216"
"252"	"3"
"252"	"38"
"252"	"55"
"252"	"119"
"252"	"316"
"252"	"237"
"252"	"238"
"252"	"214"
"252"	"284"
"252"	"39"
"252"	"254"
"252"	"331"
"252"	"121"
"252"	"239"
"252"	"273"
"90"	"23"
"90"	"25"
"90"	"33"
"90"	"57"
"90"	"58"
"90"	"62"
"90"	"65"
"90"	"71"
"90"	"72"
"90"	"73"
"90"	"74"
"90"	"77"
"90"	"78"
"90"	"101"
"90"	"107"
"90"	"108"
"90"	"112"
"90"	"113"
"90"	"114"
"90"	"122"
"90"	"124"
"90"	"126"
"90"	"127"
"90"	"154"
"90"	"171"
"90"	"180"
"90"	"260"
"90"	"279"
"90"	"280"
"90"	"304"
"90"	"311"
"90"	"332"
"90"	"121"
"90"	"273"
"292"	"23"
"292"	"25"
"292"	"33"
"292"	"57"
"292"	"58"
"292"	"62"
"292"	"65"
"292"	"71"
"292"	"72"
"292"	"73"
"292"	"74"
"292"	"77"
"292"	"78"
"292"	"101"
"292"	"107"
"292"	"108"
"292"	"112"
"292"	"113"
"292"	"114"
"292"	"122"
"292"	"124"
"292"	"126"
"292"	"127"
"292"	"154"
"292"	"171"
"292"	"180"
"292"	"234"
"292"	"259"
"292"	"260"
"292"	"274"
"292"	"279"
"292"	"280"
"292"	"300"
"292"	"304"
"292"	"311"
"292"	"318"
"292"	"332"
"292"	"216"
"292"	"3"
"292"	"38"
"292"	"55"
"292"	"119"
"292"	"316"
"292"	"214"
"292"	"284"
"292"	"39"
"292"	"254"
"292"	"121"
"292"	"273"
"143"	"23"
"143"	"25"
"143"	"33"
"143"	"57"
"143"	"58"
"143"	"62"
"143"	"65"
"143"	"71"
"143"	"72"
"143"	"73"
"143"	"74"
"143"	"77"
"143"	"78"
"143"	"101"
"143"	"107"
"143"	"108"
"143"	"112"
"143"	"113"
"143"	"114"
"143"	"122"
"143"	"126"
"143"	"127"
"143"	"154"
"143"	"171"
"143"	"180"
"143"	"260"
"143"	"279"
"143"	"280"
"143"	"304"
"143"	"311"
"143"	"332"
"143"	"136"
"143"	"135"
"143"	"134"
"143"	"133"
"14"	"124"
"14"	"216"
"14"	"3"
"14"	"38"
"14"	"55"
"14"	"119"
"14"	"316"
"14"	"214"
"14"	"284"
"14"	"39"
"14"	"254"
"14"	"144"
"89"	"136"
"89"	"184"
"89"	"185"
"89"	"186"
"89"	"189"
"89"	"190"
"89"	"191"
"89"	"210"
"89"	"213"
"89"	"242"
"89"	"243"
"89"	"272"
"89"	"328"
"89"	"158"
"89"	"159"
"89"	"7"
"89"	"334"
"89"	"209"
"89"	"9"
"89"	"15"
"89"	"63"
"89"	"82"
"89"	"84"
"89"	"110"
"89"	"218"
"89"	"244"
"89"	"245"
"89"	"256"
"89"	"309"
"89"	"310"
"89"	"320"
"89"	"330"
"89"	"337"
"89"	"8"
"89"	"135"
"89"	"217"
"89"	"267"
"89"	"47"
"89"	"160"
"89"	"173"
"89"	"174"
"89"	"285"
"89"	"83"
"89"	"161"
"89"	"16"
"89"	"79"
"89"	"168"
"89"	"169"
"89"	"170"
"89"	"50"
"89"	"138"
"89"	"48"
"89"	"134"
"89"	"165"
"89"	"299"
"89"	"133"
"89"	"49"
"56"	"124"
"56"	"136"
"56"	"184"
"56"	"185"
"56"	"186"
"56"	"189"
"56"	"190"
"56"	"191"
"56"	"210"
"56"	"213"
"56"	"242"
"56"	"243"
"56"	"272"
"56"	"328"
"56"	"158"
"56"	"159"
"56"	"7"
"56"	"334"
"56"	"209"
"56"	"9"
"56"	"15"
"56"	"63"
"56"	"82"
"56"	"84"
"56"	"216"
"56"	"218"
"56"	"244"
"56"	"245"
"56"	"256"
"56"	"309"
"56"	"310"
"56"	"320"
"56"	"330"
"56"	"3"
"56"	"8"
"56"	"38"
"56"	"55"
"56"	"119"
"56"	"135"
"56"	"217"
"56"	"267"
"56"	"316"
"56"	"47"
"56"	"160"
"56"	"173"
"56"	"174"
"56"	"285"
"56"	"83"
"56"	"161"
"56"	"16"
"56"	"79"
"56"	"168"
"56"	"169"
"56"	"170"
"56"	"214"
"56"	"284"
"56"	"39"
"56"	"254"
"56"	"50"
"56"	"138"
"56"	"48"
"56"	"134"
"56"	"165"
"56"	"121"
"56"	"273"
"56"	"133"
"56"	"49"
"64"	"23"
"64"	"25"
"64"	"33"
"64"	"57"
"64"	"58"
"64"	"62"
"64"	"65"
"64"	"71"
"64"	"72"
"64"	"73"
"64"	"74"
"64"	"77"
"64"	"78"
"64"	"98"
"64"	"101"
"64"	"107"
"64"	"108"
"64"	"112"
"64"	"113"
"64"	"114"
"64"	"122"
"64"	"126"
"64"	"127"
"64"	"154"
"64"	"171"
"64"	"180"
"64"	"234"
"64"	"259"
"64"	"260"
"64"	"274"
"64"	"279"
"64"	"280"
"64"	"300"
"64"	"304"
"64"	"311"
"64"	"318"
"64"	"332"
"64"	"136"
"64"	"184"
"64"	"185"
"64"	"186"
"64"	"189"
"64"	"190"
"64"	"191"
"64"	"210"
"64"	"213"
"64"	"242"
"64"	"243"
"64"	"272"
"64"	"328"
"64"	"158"
"64"	"159"
"64"	"7"
"64"	"334"
"64"	"209"
"64"	"9"
"64"	"15"
"64"	"63"
"64"	"82"
"64"	"84"
"64"	"218"
"64"	"244"
"64"	"245"
"64"	"256"
"64"	"309"
"64"	"310"
"64"	"320"
"64"	"330"
"64"	"8"
"64"	"135"
"64"	"217"
"64"	"267"
"64"	"47"
"64"	"160"
"64"	"173"
"64"	"174"
"64"	"285"
"64"	"83"
"64"	"161"
"64"	"16"
"64"	"79"
"64"	"168"
"64"	"169"
"64"	"170"
"64"	"50"
"64"	"138"
"64"	"48"
"64"	"134"
"64"	"165"
"64"	"133"
"64"	"49"
"251"	"98"
"251"	"246"
"251"	"216"
"251"	"3"
"251"	"38"
"251"	"55"
"251"	"119"
"251"	"316"
"251"	"214"
"251"	"284"
"251"	"39"
"251"	"254"
"251"	"144"
"251"	"90"
"100"	"45"
"100"	"203"
"100"	"235"
"100"	"271"
"100"	"86"
"100"	"36"
"100"	"215"
"100"	"14"
"196"	"124"
"196"	"136"
"196"	"135"
"196"	"134"
"196"	"133"
"196"	"90"
"196"	"251"
"111"	"124"
"111"	"216"
"111"	"3"
"111"	"38"
"111"	"55"
"111"	"119"
"111"	"316"
"111"	"214"
"111"	"284"
"111"	"39"
"111"	"254"
"111"	"90"
"111"	"251"
"32"	"216"
"32"	"3"
"32"	"38"
"32"	"55"
"32"	"119"
"32"	"316"
"32"	"214"
"32"	"284"
"32"	"39"
"32"	"254"
"32"	"121"
"32"	"273"
"32"	"90"
"32"	"251"
"10"	"98"
"10"	"246"
"10"	"216"
"10"	"3"
"10"	"38"
"10"	"55"
"10"	"119"
"10"	"316"
"10"	"214"
"10"	"284"
"10"	"39"
"10"	"254"
"10"	"144"
"10"	"90"
"10"	"251"
"305"	"124"
"305"	"216"
"305"	"3"
"305"	"38"
"305"	"55"
"305"	"119"
"305"	"316"
"305"	"214"
"305"	"284"
"305"	"39"
"305"	"254"
"305"	"121"
"305"	"273"
"305"	"90"
"305"	"251"
"307"	"124"
"307"	"216"
"307"	"3"
"307"	"38"
"307"	"55"
"307"	"119"
"307"	"316"
"307"	"214"
"307"	"284"
"307"	"39"
"307"	"254"
"307"	"121"
"307"	"273"
"307"	"90"
"307"	"251"
"156"	"124"
"156"	"102"
"156"	"319"
"156"	"323"
"156"	"324"
"156"	"339"
"156"	"216"
"156"	"3"
"156"	"38"
"156"	"55"
"156"	"119"
"156"	"316"
"156"	"214"
"156"	"284"
"156"	"39"
"156"	"254"
"156"	"121"
"156"	"273"
"156"	"90"
"156"	"251"
"68"	"124"
"68"	"136"
"68"	"102"
"68"	"319"
"68"	"323"
"68"	"324"
"68"	"339"
"68"	"216"
"68"	"3"
"68"	"38"
"68"	"55"
"68"	"119"
"68"	"135"
"68"	"316"
"68"	"214"
"68"	"284"
"68"	"39"
"68"	"254"
"68"	"134"
"68"	"121"
"68"	"273"
"68"	"133"
"68"	"90"
"68"	"251"
"228"	"124"
"228"	"219"
"228"	"234"
"228"	"246"
"228"	"259"
"228"	"274"
"228"	"300"
"228"	"318"
"228"	"102"
"228"	"319"
"228"	"323"
"228"	"324"
"228"	"339"
"228"	"216"
"228"	"3"
"228"	"38"
"228"	"55"
"228"	"119"
"228"	"235"
"228"	"316"
"228"	"214"
"228"	"284"
"228"	"39"
"228"	"254"
"228"	"121"
"228"	"273"
"228"	"90"
"228"	"251"
"197"	"23"
"197"	"25"
"197"	"33"
"197"	"57"
"197"	"58"
"197"	"62"
"197"	"65"
"197"	"71"
"197"	"72"
"197"	"73"
"197"	"74"
"197"	"77"
"197"	"78"
"197"	"101"
"197"	"107"
"197"	"108"
"197"	"112"
"197"	"113"
"197"	"114"
"197"	"122"
"197"	"124"
"197"	"126"
"197"	"127"
"197"	"154"
"197"	"171"
"197"	"180"
"197"	"260"
"197"	"279"
"197"	"280"
"197"	"304"
"197"	"311"
"197"	"332"
"197"	"121"
"197"	"273"
"197"	"90"
"197"	"251"
"338"	"255"
"338"	"228"
"183"	"199"
"183"	"201"
"183"	"202"
"183"	"59"
"183"	"258"
"183"	"200"
"183"	"228"
"236"	"257"
"236"	"67"
"236"	"59"
"236"	"258"
"236"	"12"
"236"	"5"
"236"	"200"
"236"	"228"
"26"	"98"
"26"	"110"
"26"	"337"
"26"	"306"
"26"	"1"
"26"	"258"
"26"	"255"
"26"	"299"
"26"	"90"
"26"	"251"
"26"	"228"
"27"	"23"
"27"	"25"
"27"	"33"
"27"	"57"
"27"	"58"
"27"	"62"
"27"	"65"
"27"	"71"
"27"	"72"
"27"	"73"
"27"	"74"
"27"	"77"
"27"	"78"
"27"	"98"
"27"	"101"
"27"	"107"
"27"	"108"
"27"	"112"
"27"	"113"
"27"	"114"
"27"	"122"
"27"	"126"
"27"	"127"
"27"	"154"
"27"	"171"
"27"	"180"
"27"	"219"
"27"	"260"
"27"	"279"
"27"	"280"
"27"	"304"
"27"	"311"
"27"	"332"
"27"	"28"
"27"	"306"
"27"	"241"
"27"	"200"
"27"	"81"
"27"	"144"
"27"	"228"
"46"	"12"
"46"	"255"
"46"	"299"
"46"	"106"
"46"	"228"
"46"	"26"
"51"	"28"
"51"	"67"
"51"	"12"
"51"	"255"
"51"	"299"
"51"	"153"
"51"	"228"
"51"	"26"
"51"	"27"
"233"	"98"
"233"	"200"
"233"	"192"
"233"	"144"
"233"	"228"
"233"	"51"
"278"	"98"
"278"	"219"
"278"	"246"
"278"	"182"
"278"	"200"
"278"	"192"
"278"	"144"
"278"	"228"
"278"	"51"
"195"	"98"
"195"	"124"
"195"	"219"
"195"	"110"
"195"	"337"
"195"	"151"
"195"	"200"
"195"	"299"
"195"	"144"
"195"	"90"
"195"	"251"
"195"	"228"
"195"	"51"
"85"	"19"
"85"	"124"
"85"	"287"
"85"	"288"
"85"	"303"
"85"	"329"
"85"	"336"
"85"	"199"
"85"	"201"
"85"	"202"
"85"	"257"
"85"	"306"
"85"	"59"
"85"	"12"
"85"	"255"
"85"	"200"
"85"	"299"
"85"	"106"
"85"	"228"
"85"	"46"
"85"	"51"
"205"	"98"
"205"	"246"
"205"	"182"
"205"	"117"
"205"	"289"
"205"	"70"
"205"	"172"
"205"	"177"
"205"	"306"
"205"	"241"
"205"	"151"
"205"	"69"
"205"	"118"
"205"	"233"
"205"	"278"
"181"	"98"
"181"	"182"
"181"	"117"
"181"	"289"
"181"	"70"
"181"	"172"
"181"	"177"
"181"	"306"
"181"	"151"
"181"	"69"
"181"	"118"
"181"	"233"
"181"	"278"
"181"	"205"
"18"	"182"
"18"	"250"
"18"	"117"
"18"	"289"
"18"	"70"
"18"	"172"
"18"	"177"
"18"	"306"
"18"	"151"
"18"	"258"
"18"	"69"
"18"	"118"
"18"	"233"
"18"	"278"
"18"	"205"
"253"	"23"
"253"	"25"
"253"	"33"
"253"	"57"
"253"	"58"
"253"	"62"
"253"	"65"
"253"	"71"
"253"	"72"
"253"	"73"
"253"	"74"
"253"	"77"
"253"	"78"
"253"	"101"
"253"	"107"
"253"	"108"
"253"	"112"
"253"	"113"
"253"	"114"
"253"	"122"
"253"	"126"
"253"	"127"
"253"	"154"
"253"	"171"
"253"	"180"
"253"	"260"
"253"	"279"
"253"	"280"
"253"	"304"
"253"	"311"
"253"	"332"
"253"	"182"
"253"	"117"
"253"	"289"
"253"	"13"
"253"	"70"
"253"	"75"
"253"	"97"
"253"	"104"
"253"	"146"
"253"	"147"
"253"	"148"
"253"	"149"
"253"	"150"
"253"	"164"
"253"	"172"
"253"	"177"
"253"	"188"
"253"	"224"
"253"	"225"
"253"	"226"
"253"	"230"
"253"	"247"
"253"	"265"
"253"	"268"
"253"	"281"
"253"	"306"
"253"	"317"
"253"	"34"
"253"	"35"
"253"	"198"
"253"	"241"
"253"	"151"
"253"	"69"
"253"	"118"
"253"	"90"
"253"	"251"
"253"	"233"
"253"	"278"
"253"	"205"
"187"	"182"
"187"	"117"
"187"	"289"
"187"	"70"
"187"	"172"
"187"	"177"
"187"	"306"
"187"	"151"
"187"	"69"
"187"	"118"
"187"	"233"
"187"	"278"
"187"	"205"
"187"	"18"
"40"	"136"
"40"	"182"
"40"	"117"
"40"	"135"
"40"	"289"
"40"	"70"
"40"	"172"
"40"	"177"
"40"	"306"
"40"	"151"
"40"	"69"
"40"	"118"
"40"	"134"
"40"	"133"
"40"	"233"
"40"	"278"
"40"	"205"
"40"	"18"
"129"	"124"
"129"	"182"
"129"	"117"
"129"	"131"
"129"	"289"
"129"	"70"
"129"	"172"
"129"	"177"
"129"	"306"
"129"	"151"
"129"	"69"
"129"	"118"
"129"	"121"
"129"	"273"
"129"	"90"
"129"	"251"
"129"	"46"
"129"	"51"
"129"	"233"
"129"	"278"
"129"	"205"
"129"	"18"
"162"	"98"
"162"	"105"
"162"	"182"
"162"	"117"
"162"	"289"
"162"	"70"
"162"	"172"
"162"	"177"
"162"	"306"
"162"	"34"
"162"	"35"
"162"	"198"
"162"	"151"
"162"	"255"
"162"	"69"
"162"	"118"
"162"	"282"
"162"	"106"
"162"	"233"
"162"	"278"
"162"	"205"
"162"	"18"
"163"	"98"
"163"	"105"
"163"	"182"
"163"	"117"
"163"	"289"
"163"	"70"
"163"	"172"
"163"	"177"
"163"	"306"
"163"	"34"
"163"	"35"
"163"	"198"
"163"	"151"
"163"	"255"
"163"	"69"
"163"	"118"
"163"	"282"
"163"	"106"
"163"	"233"
"163"	"278"
"163"	"205"
"163"	"18"
"232"	"136"
"232"	"182"
"232"	"117"
"232"	"135"
"232"	"289"
"232"	"70"
"232"	"172"
"232"	"177"
"232"	"306"
"232"	"241"
"232"	"151"
"232"	"69"
"232"	"118"
"232"	"134"
"232"	"133"
"232"	"90"
"232"	"251"
"232"	"51"
"232"	"233"
"232"	"278"
"232"	"205"
"232"	"18"
"142"	"124"
"142"	"136"
"142"	"182"
"142"	"117"
"142"	"135"
"142"	"289"
"142"	"70"
"142"	"172"
"142"	"177"
"142"	"306"
"142"	"241"
"142"	"151"
"142"	"69"
"142"	"118"
"142"	"134"
"142"	"133"
"142"	"90"
"142"	"251"
"142"	"51"
"142"	"233"
"142"	"278"
"142"	"205"
"142"	"18"
"315"	"124"
"315"	"136"
"315"	"182"
"315"	"117"
"315"	"135"
"315"	"289"
"315"	"70"
"315"	"172"
"315"	"177"
"315"	"306"
"315"	"241"
"315"	"151"
"315"	"69"
"315"	"118"
"315"	"134"
"315"	"121"
"315"	"273"
"315"	"133"
"315"	"90"
"315"	"251"
"315"	"233"
"315"	"278"
"315"	"205"
"315"	"18"
"132"	"23"
"132"	"25"
"132"	"33"
"132"	"57"
"132"	"58"
"132"	"62"
"132"	"65"
"132"	"71"
"132"	"72"
"132"	"73"
"132"	"74"
"132"	"77"
"132"	"78"
"132"	"98"
"132"	"101"
"132"	"107"
"132"	"108"
"132"	"112"
"132"	"113"
"132"	"114"
"132"	"122"
"132"	"126"
"132"	"127"
"132"	"154"
"132"	"171"
"132"	"180"
"132"	"260"
"132"	"279"
"132"	"280"
"132"	"304"
"132"	"311"
"132"	"332"
"132"	"182"
"132"	"117"
"132"	"289"
"132"	"70"
"132"	"172"
"132"	"177"
"132"	"306"
"132"	"151"
"132"	"69"
"132"	"118"
"132"	"90"
"132"	"251"
"132"	"233"
"132"	"278"
"132"	"205"
"132"	"18"
"269"	"124"
"269"	"136"
"269"	"182"
"269"	"263"
"269"	"117"
"269"	"335"
"269"	"336"
"269"	"135"
"269"	"289"
"269"	"70"
"269"	"172"
"269"	"177"
"269"	"199"
"269"	"201"
"269"	"202"
"269"	"257"
"269"	"306"
"269"	"322"
"269"	"139"
"269"	"229"
"269"	"67"
"269"	"151"
"269"	"1"
"269"	"59"
"269"	"258"
"269"	"12"
"269"	"5"
"269"	"152"
"269"	"200"
"269"	"69"
"269"	"118"
"269"	"155"
"269"	"4"
"269"	"192"
"269"	"88"
"269"	"2"
"269"	"20"
"269"	"277"
"269"	"60"
"269"	"134"
"269"	"133"
"269"	"240"
"269"	"87"
"269"	"90"
"269"	"251"
"269"	"100"
"269"	"228"
"269"	"183"
"269"	"236"
"269"	"233"
"269"	"278"
"269"	"205"
"269"	"18"
"321"	"23"
"321"	"25"
"321"	"33"
"321"	"57"
"321"	"58"
"321"	"62"
"321"	"65"
"321"	"71"
"321"	"72"
"321"	"73"
"321"	"74"
"321"	"77"
"321"	"78"
"321"	"101"
"321"	"107"
"321"	"108"
"321"	"112"
"321"	"113"
"321"	"114"
"321"	"122"
"321"	"126"
"321"	"127"
"321"	"154"
"321"	"171"
"321"	"180"
"321"	"260"
"321"	"279"
"321"	"280"
"321"	"304"
"321"	"311"
"321"	"332"
"321"	"136"
"321"	"182"
"321"	"117"
"321"	"102"
"321"	"319"
"321"	"323"
"321"	"324"
"321"	"339"
"321"	"135"
"321"	"289"
"321"	"70"
"321"	"172"
"321"	"177"
"321"	"306"
"321"	"151"
"321"	"69"
"321"	"118"
"321"	"134"
"321"	"133"
"321"	"233"
"321"	"278"
"321"	"205"
"321"	"18"
"312"	"124"
"312"	"182"
"312"	"117"
"312"	"102"
"312"	"319"
"312"	"323"
"312"	"324"
"312"	"339"
"312"	"289"
"312"	"13"
"312"	"70"
"312"	"75"
"312"	"97"
"312"	"104"
"312"	"146"
"312"	"147"
"312"	"148"
"312"	"149"
"312"	"150"
"312"	"164"
"312"	"172"
"312"	"177"
"312"	"188"
"312"	"199"
"312"	"201"
"312"	"202"
"312"	"224"
"312"	"225"
"312"	"226"
"312"	"230"
"312"	"247"
"312"	"265"
"312"	"268"
"312"	"281"
"312"	"306"
"312"	"317"
"312"	"34"
"312"	"35"
"312"	"198"
"312"	"151"
"312"	"200"
"312"	"69"
"312"	"118"
"312"	"121"
"312"	"273"
"312"	"282"
"312"	"90"
"312"	"251"
"312"	"228"
"312"	"46"
"312"	"51"
"312"	"233"
"312"	"278"
"312"	"205"
"312"	"18"
"194"	"23"
"194"	"25"
"194"	"33"
"194"	"57"
"194"	"58"
"194"	"62"
"194"	"65"
"194"	"71"
"194"	"72"
"194"	"73"
"194"	"74"
"194"	"77"
"194"	"78"
"194"	"98"
"194"	"101"
"194"	"107"
"194"	"108"
"194"	"112"
"194"	"113"
"194"	"114"
"194"	"122"
"194"	"126"
"194"	"127"
"194"	"154"
"194"	"171"
"194"	"180"
"194"	"219"
"194"	"260"
"194"	"279"
"194"	"280"
"194"	"304"
"194"	"311"
"194"	"332"
"194"	"182"
"194"	"117"
"194"	"110"
"194"	"289"
"194"	"70"
"194"	"172"
"194"	"177"
"194"	"306"
"194"	"241"
"194"	"151"
"194"	"69"
"194"	"118"
"194"	"121"
"194"	"273"
"194"	"144"
"194"	"90"
"194"	"251"
"194"	"228"
"194"	"51"
"194"	"233"
"194"	"278"
"194"	"205"
"194"	"18"
"264"	"124"
"264"	"136"
"264"	"182"
"264"	"184"
"264"	"185"
"264"	"186"
"264"	"189"
"264"	"190"
"264"	"191"
"264"	"210"
"264"	"213"
"264"	"242"
"264"	"243"
"264"	"272"
"264"	"328"
"264"	"158"
"264"	"159"
"264"	"7"
"264"	"263"
"264"	"334"
"264"	"117"
"264"	"209"
"264"	"9"
"264"	"15"
"264"	"63"
"264"	"82"
"264"	"84"
"264"	"218"
"264"	"244"
"264"	"245"
"264"	"256"
"264"	"309"
"264"	"310"
"264"	"320"
"264"	"330"
"264"	"335"
"264"	"336"
"264"	"8"
"264"	"135"
"264"	"217"
"264"	"267"
"264"	"289"
"264"	"47"
"264"	"70"
"264"	"160"
"264"	"172"
"264"	"173"
"264"	"174"
"264"	"177"
"264"	"199"
"264"	"201"
"264"	"202"
"264"	"257"
"264"	"306"
"264"	"322"
"264"	"139"
"264"	"229"
"264"	"285"
"264"	"67"
"264"	"151"
"264"	"1"
"264"	"59"
"264"	"83"
"264"	"258"
"264"	"12"
"264"	"5"
"264"	"152"
"264"	"161"
"264"	"16"
"264"	"200"
"264"	"69"
"264"	"118"
"264"	"155"
"264"	"4"
"264"	"192"
"264"	"88"
"264"	"2"
"264"	"20"
"264"	"277"
"264"	"60"
"264"	"79"
"264"	"168"
"264"	"169"
"264"	"170"
"264"	"50"
"264"	"138"
"264"	"48"
"264"	"134"
"264"	"165"
"264"	"133"
"264"	"240"
"264"	"87"
"264"	"49"
"264"	"100"
"264"	"228"
"264"	"183"
"264"	"236"
"264"	"233"
"264"	"278"
"264"	"205"
"264"	"18"
"130"	"124"
"130"	"136"
"130"	"182"
"130"	"184"
"130"	"185"
"130"	"186"
"130"	"189"
"130"	"190"
"130"	"191"
"130"	"210"
"130"	"213"
"130"	"242"
"130"	"243"
"130"	"272"
"130"	"328"
"130"	"158"
"130"	"159"
"130"	"7"
"130"	"334"
"130"	"117"
"130"	"209"
"130"	"9"
"130"	"15"
"130"	"63"
"130"	"82"
"130"	"84"
"130"	"216"
"130"	"218"
"130"	"244"
"130"	"245"
"130"	"256"
"130"	"309"
"130"	"310"
"130"	"320"
"130"	"330"
"130"	"3"
"130"	"8"
"130"	"38"
"130"	"55"
"130"	"119"
"130"	"135"
"130"	"217"
"130"	"267"
"130"	"289"
"130"	"316"
"130"	"47"
"130"	"70"
"130"	"160"
"130"	"172"
"130"	"173"
"130"	"174"
"130"	"177"
"130"	"306"
"130"	"285"
"130"	"151"
"130"	"83"
"130"	"161"
"130"	"16"
"130"	"69"
"130"	"118"
"130"	"79"
"130"	"168"
"130"	"169"
"130"	"170"
"130"	"214"
"130"	"284"
"130"	"39"
"130"	"254"
"130"	"50"
"130"	"138"
"130"	"48"
"130"	"134"
"130"	"165"
"130"	"121"
"130"	"273"
"130"	"133"
"130"	"6"
"130"	"49"
"130"	"90"
"130"	"251"
"130"	"307"
"130"	"233"
"130"	"278"
"130"	"205"
"130"	"40"
"231"	"257"
"231"	"67"
"231"	"59"
"231"	"255"
"231"	"200"
"231"	"228"
"231"	"194"
"208"	"335"
"208"	"336"
"208"	"257"
"208"	"241"
"208"	"258"
"208"	"12"
"208"	"5"
"208"	"255"
"208"	"200"
"208"	"155"
"208"	"192"
"208"	"277"
"208"	"299"
"208"	"240"
"208"	"87"
"208"	"144"
"208"	"228"
"208"	"338"
"208"	"27"
"208"	"46"
"208"	"51"
"208"	"194"
"208"	"231"
"204"	"98"
"204"	"241"
"204"	"208"
"326"	"124"
"326"	"249"
"326"	"158"
"326"	"159"
"326"	"174"
"326"	"257"
"326"	"241"
"326"	"151"
"326"	"59"
"326"	"258"
"326"	"121"
"326"	"273"
"326"	"252"
"326"	"90"
"326"	"251"
"326"	"307"
"326"	"228"
"326"	"233"
"326"	"40"
"326"	"132"
"326"	"194"
"326"	"130"
"326"	"208"
"157"	"28"
"157"	"67"
"157"	"255"
"157"	"153"
"157"	"26"
"157"	"27"
"157"	"51"
"157"	"194"
"157"	"231"
"157"	"208"
"157"	"204"
"140"	"28"
"140"	"182"
"140"	"117"
"140"	"289"
"140"	"70"
"140"	"172"
"140"	"177"
"140"	"306"
"140"	"241"
"140"	"151"
"140"	"69"
"140"	"118"
"140"	"153"
"140"	"26"
"140"	"27"
"140"	"233"
"140"	"278"
"140"	"205"
"140"	"18"
"140"	"208"
"140"	"204"
"220"	"28"
"220"	"182"
"220"	"117"
"220"	"289"
"220"	"70"
"220"	"172"
"220"	"177"
"220"	"306"
"220"	"241"
"220"	"151"
"220"	"59"
"220"	"258"
"220"	"69"
"220"	"118"
"220"	"153"
"220"	"228"
"220"	"26"
"220"	"27"
"220"	"233"
"220"	"278"
"220"	"205"
"220"	"18"
"220"	"208"
"220"	"204"
"95"	"28"
"95"	"182"
"95"	"249"
"95"	"117"
"95"	"102"
"95"	"319"
"95"	"323"
"95"	"324"
"95"	"339"
"95"	"131"
"95"	"289"
"95"	"70"
"95"	"172"
"95"	"177"
"95"	"199"
"95"	"201"
"95"	"202"
"95"	"306"
"95"	"241"
"95"	"151"
"95"	"200"
"95"	"69"
"95"	"118"
"95"	"153"
"95"	"228"
"95"	"26"
"95"	"27"
"95"	"46"
"95"	"51"
"95"	"233"
"95"	"278"
"95"	"205"
"95"	"181"
"95"	"18"
"95"	"231"
"95"	"208"
"95"	"204"
"176"	"124"
"176"	"28"
"176"	"249"
"176"	"263"
"176"	"335"
"176"	"336"
"176"	"131"
"176"	"199"
"176"	"201"
"176"	"202"
"176"	"257"
"176"	"322"
"176"	"139"
"176"	"229"
"176"	"67"
"176"	"241"
"176"	"1"
"176"	"59"
"176"	"258"
"176"	"12"
"176"	"5"
"176"	"152"
"176"	"200"
"176"	"155"
"176"	"4"
"176"	"192"
"176"	"88"
"176"	"2"
"176"	"20"
"176"	"277"
"176"	"60"
"176"	"240"
"176"	"87"
"176"	"153"
"176"	"100"
"176"	"228"
"176"	"183"
"176"	"236"
"176"	"26"
"176"	"27"
"176"	"46"
"176"	"51"
"176"	"231"
"176"	"208"
"176"	"204"
"207"	"23"
"207"	"25"
"207"	"33"
"207"	"57"
"207"	"58"
"207"	"62"
"207"	"65"
"207"	"71"
"207"	"72"
"207"	"73"
"207"	"74"
"207"	"77"
"207"	"78"
"207"	"101"
"207"	"107"
"207"	"108"
"207"	"112"
"207"	"113"
"207"	"114"
"207"	"122"
"207"	"124"
"207"	"126"
"207"	"127"
"207"	"154"
"207"	"171"
"207"	"180"
"207"	"260"
"207"	"279"
"207"	"280"
"207"	"304"
"207"	"311"
"207"	"332"
"207"	"28"
"207"	"182"
"207"	"117"
"207"	"289"
"207"	"13"
"207"	"70"
"207"	"75"
"207"	"97"
"207"	"104"
"207"	"146"
"207"	"147"
"207"	"148"
"207"	"149"
"207"	"150"
"207"	"164"
"207"	"172"
"207"	"177"
"207"	"188"
"207"	"224"
"207"	"225"
"207"	"226"
"207"	"230"
"207"	"247"
"207"	"265"
"207"	"268"
"207"	"281"
"207"	"306"
"207"	"317"
"207"	"241"
"207"	"151"
"207"	"255"
"207"	"69"
"207"	"118"
"207"	"121"
"207"	"273"
"207"	"153"
"207"	"90"
"207"	"251"
"207"	"26"
"207"	"27"
"207"	"233"
"207"	"278"
"207"	"205"
"207"	"18"
"207"	"208"
"207"	"204"
"31"	"28"
"31"	"136"
"31"	"184"
"31"	"185"
"31"	"186"
"31"	"189"
"31"	"190"
"31"	"191"
"31"	"210"
"31"	"213"
"31"	"242"
"31"	"243"
"31"	"272"
"31"	"328"
"31"	"158"
"31"	"159"
"31"	"7"
"31"	"263"
"31"	"334"
"31"	"209"
"31"	"9"
"31"	"15"
"31"	"63"
"31"	"82"
"31"	"84"
"31"	"218"
"31"	"244"
"31"	"245"
"31"	"256"
"31"	"309"
"31"	"310"
"31"	"320"
"31"	"330"
"31"	"335"
"31"	"336"
"31"	"8"
"31"	"135"
"31"	"217"
"31"	"267"
"31"	"47"
"31"	"160"
"31"	"173"
"31"	"174"
"31"	"199"
"31"	"201"
"31"	"202"
"31"	"257"
"31"	"322"
"31"	"139"
"31"	"229"
"31"	"285"
"31"	"67"
"31"	"1"
"31"	"59"
"31"	"83"
"31"	"258"
"31"	"12"
"31"	"5"
"31"	"152"
"31"	"161"
"31"	"16"
"31"	"200"
"31"	"155"
"31"	"4"
"31"	"192"
"31"	"88"
"31"	"2"
"31"	"20"
"31"	"277"
"31"	"60"
"31"	"79"
"31"	"168"
"31"	"169"
"31"	"170"
"31"	"50"
"31"	"138"
"31"	"48"
"31"	"134"
"31"	"165"
"31"	"133"
"31"	"240"
"31"	"87"
"31"	"153"
"31"	"49"
"31"	"100"
"31"	"228"
"31"	"183"
"31"	"236"
"31"	"26"
"31"	"27"
"31"	"208"
"31"	"204"
"141"	"124"
"141"	"182"
"141"	"117"
"141"	"289"
"141"	"70"
"141"	"172"
"141"	"177"
"141"	"306"
"141"	"151"
"141"	"69"
"141"	"118"
"141"	"90"
"141"	"251"
"141"	"51"
"141"	"233"
"141"	"278"
"141"	"205"
"141"	"18"
"141"	"326"
"270"	"136"
"270"	"182"
"270"	"263"
"270"	"117"
"270"	"335"
"270"	"336"
"270"	"135"
"270"	"289"
"270"	"70"
"270"	"172"
"270"	"177"
"270"	"199"
"270"	"201"
"270"	"202"
"270"	"257"
"270"	"306"
"270"	"322"
"270"	"139"
"270"	"229"
"270"	"67"
"270"	"241"
"270"	"151"
"270"	"1"
"270"	"59"
"270"	"258"
"270"	"12"
"270"	"5"
"270"	"152"
"270"	"200"
"270"	"69"
"270"	"118"
"270"	"155"
"270"	"4"
"270"	"192"
"270"	"88"
"270"	"2"
"270"	"20"
"270"	"277"
"270"	"60"
"270"	"134"
"270"	"121"
"270"	"273"
"270"	"133"
"270"	"240"
"270"	"87"
"270"	"90"
"270"	"251"
"270"	"100"
"270"	"228"
"270"	"183"
"270"	"236"
"270"	"233"
"270"	"278"
"270"	"205"
"270"	"18"
"270"	"326"
"54"	"249"
"54"	"250"
"54"	"131"
"54"	"252"
"54"	"90"
"54"	"251"
"54"	"338"
"54"	"46"
"54"	"51"
"54"	"195"
"54"	"162"
"54"	"163"
"54"	"232"
"54"	"132"
"54"	"194"
"54"	"231"
"54"	"157"
"54"	"207"
"175"	"23"
"175"	"25"
"175"	"33"
"175"	"57"
"175"	"58"
"175"	"62"
"175"	"65"
"175"	"71"
"175"	"72"
"175"	"73"
"175"	"74"
"175"	"77"
"175"	"78"
"175"	"101"
"175"	"107"
"175"	"108"
"175"	"112"
"175"	"113"
"175"	"114"
"175"	"122"
"175"	"124"
"175"	"126"
"175"	"127"
"175"	"154"
"175"	"171"
"175"	"180"
"175"	"260"
"175"	"279"
"175"	"280"
"175"	"304"
"175"	"311"
"175"	"332"
"175"	"105"
"175"	"136"
"175"	"182"
"175"	"184"
"175"	"185"
"175"	"186"
"175"	"189"
"175"	"190"
"175"	"191"
"175"	"210"
"175"	"213"
"175"	"242"
"175"	"243"
"175"	"272"
"175"	"328"
"175"	"158"
"175"	"159"
"175"	"7"
"175"	"334"
"175"	"117"
"175"	"209"
"175"	"9"
"175"	"15"
"175"	"63"
"175"	"82"
"175"	"84"
"175"	"218"
"175"	"244"
"175"	"245"
"175"	"256"
"175"	"309"
"175"	"310"
"175"	"320"
"175"	"330"
"175"	"8"
"175"	"45"
"175"	"135"
"175"	"217"
"175"	"267"
"175"	"289"
"175"	"37"
"175"	"41"
"175"	"42"
"175"	"43"
"175"	"44"
"175"	"47"
"175"	"53"
"175"	"66"
"175"	"70"
"175"	"91"
"175"	"92"
"175"	"93"
"175"	"103"
"175"	"109"
"175"	"115"
"175"	"116"
"175"	"123"
"175"	"160"
"175"	"172"
"175"	"173"
"175"	"174"
"175"	"177"
"175"	"211"
"175"	"293"
"175"	"296"
"175"	"301"
"175"	"306"
"175"	"333"
"175"	"34"
"175"	"35"
"175"	"198"
"175"	"285"
"175"	"241"
"175"	"151"
"175"	"83"
"175"	"161"
"175"	"255"
"175"	"16"
"175"	"69"
"175"	"118"
"175"	"79"
"175"	"168"
"175"	"169"
"175"	"170"
"175"	"50"
"175"	"138"
"175"	"48"
"175"	"134"
"175"	"165"
"175"	"133"
"175"	"282"
"175"	"49"
"175"	"46"
"175"	"51"
"175"	"233"
"175"	"278"
"175"	"205"
"175"	"18"
"175"	"231"
"175"	"157"
"175"	"207"
"223"	"23"
"223"	"25"
"223"	"33"
"223"	"57"
"223"	"58"
"223"	"62"
"223"	"65"
"223"	"71"
"223"	"72"
"223"	"73"
"223"	"74"
"223"	"77"
"223"	"78"
"223"	"101"
"223"	"107"
"223"	"108"
"223"	"112"
"223"	"113"
"223"	"114"
"223"	"122"
"223"	"124"
"223"	"126"
"223"	"127"
"223"	"154"
"223"	"171"
"223"	"180"
"223"	"260"
"223"	"279"
"223"	"280"
"223"	"304"
"223"	"311"
"223"	"332"
"223"	"28"
"223"	"136"
"223"	"182"
"223"	"184"
"223"	"185"
"223"	"186"
"223"	"189"
"223"	"190"
"223"	"191"
"223"	"210"
"223"	"213"
"223"	"242"
"223"	"243"
"223"	"249"
"223"	"250"
"223"	"272"
"223"	"328"
"223"	"158"
"223"	"159"
"223"	"7"
"223"	"334"
"223"	"117"
"223"	"209"
"223"	"102"
"223"	"319"
"223"	"323"
"223"	"324"
"223"	"339"
"223"	"9"
"223"	"15"
"223"	"63"
"223"	"82"
"223"	"84"
"223"	"218"
"223"	"244"
"223"	"245"
"223"	"256"
"223"	"309"
"223"	"310"
"223"	"320"
"223"	"330"
"223"	"8"
"223"	"131"
"223"	"135"
"223"	"217"
"223"	"267"
"223"	"289"
"223"	"47"
"223"	"70"
"223"	"160"
"223"	"172"
"223"	"173"
"223"	"174"
"223"	"177"
"223"	"199"
"223"	"201"
"223"	"202"
"223"	"306"
"223"	"285"
"223"	"241"
"223"	"151"
"223"	"83"
"223"	"161"
"223"	"16"
"223"	"200"
"223"	"69"
"223"	"118"
"223"	"79"
"223"	"168"
"223"	"169"
"223"	"170"
"223"	"50"
"223"	"138"
"223"	"48"
"223"	"134"
"223"	"165"
"223"	"133"
"223"	"153"
"223"	"49"
"223"	"252"
"223"	"90"
"223"	"251"
"223"	"228"
"223"	"338"
"223"	"26"
"223"	"27"
"223"	"46"
"223"	"51"
"223"	"233"
"223"	"278"
"223"	"195"
"223"	"205"
"223"	"18"
"223"	"162"
"223"	"163"
"223"	"232"
"223"	"132"
"223"	"194"
"223"	"231"
"223"	"208"
"223"	"204"
"223"	"157"
"223"	"207"
"295"	"6"
"295"	"90"
"295"	"142"
"295"	"194"
"295"	"141"
"266"	"182"
"266"	"117"
"266"	"289"
"266"	"70"
"266"	"172"
"266"	"177"
"266"	"306"
"266"	"151"
"266"	"69"
"266"	"118"
"266"	"94"
"266"	"17"
"266"	"144"
"266"	"143"
"266"	"233"
"266"	"278"
"266"	"205"
"266"	"18"
"266"	"187"
"266"	"142"
"266"	"321"
"266"	"140"
"266"	"141"
"76"	"124"
"76"	"136"
"76"	"216"
"76"	"3"
"76"	"38"
"76"	"55"
"76"	"119"
"76"	"135"
"76"	"316"
"76"	"214"
"76"	"284"
"76"	"39"
"76"	"254"
"76"	"134"
"76"	"121"
"76"	"273"
"76"	"133"
"76"	"6"
"76"	"90"
"76"	"251"
"76"	"307"
"76"	"142"
"76"	"141"
"340"	"136"
"340"	"184"
"340"	"185"
"340"	"186"
"340"	"189"
"340"	"190"
"340"	"191"
"340"	"210"
"340"	"213"
"340"	"242"
"340"	"243"
"340"	"272"
"340"	"328"
"340"	"158"
"340"	"159"
"340"	"7"
"340"	"334"
"340"	"209"
"340"	"9"
"340"	"15"
"340"	"63"
"340"	"82"
"340"	"84"
"340"	"218"
"340"	"244"
"340"	"245"
"340"	"256"
"340"	"309"
"340"	"310"
"340"	"320"
"340"	"330"
"340"	"8"
"340"	"135"
"340"	"217"
"340"	"267"
"340"	"47"
"340"	"160"
"340"	"173"
"340"	"174"
"340"	"285"
"340"	"83"
"340"	"161"
"340"	"16"
"340"	"79"
"340"	"168"
"340"	"169"
"340"	"170"
"340"	"50"
"340"	"94"
"340"	"138"
"340"	"48"
"340"	"134"
"340"	"165"
"340"	"133"
"340"	"17"
"340"	"144"
"340"	"49"
"340"	"143"
"340"	"187"
"340"	"142"
"340"	"321"
"340"	"140"
"340"	"141"
"248"	"23"
"248"	"25"
"248"	"33"
"248"	"57"
"248"	"58"
"248"	"62"
"248"	"65"
"248"	"71"
"248"	"72"
"248"	"73"
"248"	"74"
"248"	"77"
"248"	"78"
"248"	"101"
"248"	"107"
"248"	"108"
"248"	"112"
"248"	"113"
"248"	"114"
"248"	"122"
"248"	"124"
"248"	"126"
"248"	"127"
"248"	"154"
"248"	"171"
"248"	"180"
"248"	"260"
"248"	"279"
"248"	"280"
"248"	"304"
"248"	"311"
"248"	"332"
"248"	"182"
"248"	"117"
"248"	"102"
"248"	"319"
"248"	"323"
"248"	"324"
"248"	"339"
"248"	"289"
"248"	"70"
"248"	"172"
"248"	"177"
"248"	"306"
"248"	"241"
"248"	"151"
"248"	"59"
"248"	"258"
"248"	"69"
"248"	"118"
"248"	"94"
"248"	"81"
"248"	"121"
"248"	"273"
"248"	"17"
"248"	"144"
"248"	"90"
"248"	"143"
"248"	"251"
"248"	"228"
"248"	"233"
"248"	"278"
"248"	"205"
"248"	"18"
"248"	"187"
"248"	"142"
"248"	"321"
"248"	"140"
"248"	"141"
"22"	"28"
"22"	"136"
"22"	"182"
"22"	"184"
"22"	"185"
"22"	"186"
"22"	"189"
"22"	"190"
"22"	"191"
"22"	"210"
"22"	"213"
"22"	"242"
"22"	"243"
"22"	"272"
"22"	"328"
"22"	"158"
"22"	"159"
"22"	"7"
"22"	"334"
"22"	"117"
"22"	"209"
"22"	"9"
"22"	"15"
"22"	"63"
"22"	"82"
"22"	"84"
"22"	"218"
"22"	"244"
"22"	"245"
"22"	"256"
"22"	"309"
"22"	"310"
"22"	"320"
"22"	"330"
"22"	"8"
"22"	"135"
"22"	"217"
"22"	"267"
"22"	"289"
"22"	"47"
"22"	"70"
"22"	"160"
"22"	"172"
"22"	"173"
"22"	"174"
"22"	"177"
"22"	"306"
"22"	"285"
"22"	"241"
"22"	"151"
"22"	"83"
"22"	"161"
"22"	"16"
"22"	"69"
"22"	"118"
"22"	"79"
"22"	"168"
"22"	"169"
"22"	"170"
"22"	"50"
"22"	"94"
"22"	"138"
"22"	"48"
"22"	"134"
"22"	"165"
"22"	"133"
"22"	"153"
"22"	"17"
"22"	"144"
"22"	"49"
"22"	"143"
"22"	"26"
"22"	"27"
"22"	"233"
"22"	"278"
"22"	"205"
"22"	"18"
"22"	"187"
"22"	"142"
"22"	"321"
"22"	"208"
"22"	"204"
"22"	"140"
"22"	"141"
"96"	"23"
"96"	"25"
"96"	"33"
"96"	"57"
"96"	"58"
"96"	"62"
"96"	"65"
"96"	"71"
"96"	"72"
"96"	"73"
"96"	"74"
"96"	"77"
"96"	"78"
"96"	"101"
"96"	"107"
"96"	"108"
"96"	"112"
"96"	"113"
"96"	"114"
"96"	"122"
"96"	"124"
"96"	"126"
"96"	"127"
"96"	"154"
"96"	"171"
"96"	"180"
"96"	"260"
"96"	"279"
"96"	"280"
"96"	"304"
"96"	"311"
"96"	"332"
"96"	"136"
"96"	"102"
"96"	"319"
"96"	"323"
"96"	"324"
"96"	"339"
"96"	"216"
"96"	"3"
"96"	"38"
"96"	"55"
"96"	"119"
"96"	"135"
"96"	"316"
"96"	"214"
"96"	"284"
"96"	"39"
"96"	"254"
"96"	"134"
"96"	"36"
"96"	"121"
"96"	"273"
"96"	"133"
"96"	"90"
"96"	"251"
"96"	"270"
"178"	"257"
"178"	"12"
"178"	"255"
"178"	"338"
"178"	"46"
"178"	"51"
"178"	"195"
"178"	"231"
"178"	"76"
"179"	"257"
"179"	"12"
"179"	"255"
"179"	"338"
"179"	"46"
"179"	"51"
"179"	"195"
"179"	"231"
"179"	"208"
"179"	"76"
"166"	"216"
"166"	"3"
"166"	"38"
"166"	"55"
"166"	"119"
"166"	"316"
"166"	"214"
"166"	"284"
"166"	"254"
"166"	"6"
"166"	"307"
"166"	"76"
"262"	"6"
"262"	"313"
"262"	"252"
"262"	"90"
"262"	"251"
"262"	"305"
"262"	"51"
"262"	"233"
"262"	"40"
"262"	"269"
"262"	"264"
"262"	"95"
"262"	"175"
"262"	"76"
"297"	"182"
"297"	"249"
"297"	"117"
"297"	"8"
"297"	"289"
"297"	"70"
"297"	"172"
"297"	"177"
"297"	"306"
"297"	"241"
"297"	"151"
"297"	"69"
"297"	"118"
"297"	"90"
"297"	"251"
"297"	"307"
"297"	"233"
"297"	"278"
"297"	"205"
"297"	"18"
"297"	"163"
"297"	"194"
"297"	"130"
"297"	"76"
"276"	"124"
"276"	"182"
"276"	"117"
"276"	"102"
"276"	"319"
"276"	"323"
"276"	"324"
"276"	"339"
"276"	"110"
"276"	"216"
"276"	"337"
"276"	"3"
"276"	"38"
"276"	"55"
"276"	"119"
"276"	"289"
"276"	"316"
"276"	"70"
"276"	"172"
"276"	"177"
"276"	"306"
"276"	"151"
"276"	"69"
"276"	"118"
"276"	"214"
"276"	"284"
"276"	"39"
"276"	"254"
"276"	"299"
"276"	"121"
"276"	"273"
"276"	"90"
"276"	"251"
"276"	"307"
"276"	"233"
"276"	"278"
"276"	"205"
"276"	"18"
"276"	"326"
"276"	"76"
"325"	"23"
"325"	"25"
"325"	"33"
"325"	"57"
"325"	"58"
"325"	"62"
"325"	"65"
"325"	"71"
"325"	"72"
"325"	"73"
"325"	"74"
"325"	"77"
"325"	"78"
"325"	"101"
"325"	"107"
"325"	"108"
"325"	"112"
"325"	"113"
"325"	"114"
"325"	"122"
"325"	"124"
"325"	"126"
"325"	"127"
"325"	"154"
"325"	"171"
"325"	"180"
"325"	"260"
"325"	"279"
"325"	"280"
"325"	"304"
"325"	"311"
"325"	"332"
"325"	"136"
"325"	"182"
"325"	"184"
"325"	"185"
"325"	"186"
"325"	"189"
"325"	"190"
"325"	"191"
"325"	"210"
"325"	"213"
"325"	"242"
"325"	"243"
"325"	"272"
"325"	"328"
"325"	"158"
"325"	"159"
"325"	"7"
"325"	"334"
"325"	"117"
"325"	"209"
"325"	"9"
"325"	"15"
"325"	"63"
"325"	"82"
"325"	"84"
"325"	"216"
"325"	"218"
"325"	"244"
"325"	"245"
"325"	"256"
"325"	"309"
"325"	"310"
"325"	"320"
"325"	"330"
"325"	"3"
"325"	"8"
"325"	"38"
"325"	"55"
"325"	"119"
"325"	"135"
"325"	"217"
"325"	"267"
"325"	"289"
"325"	"316"
"325"	"47"
"325"	"70"
"325"	"160"
"325"	"172"
"325"	"173"
"325"	"174"
"325"	"177"
"325"	"199"
"325"	"201"
"325"	"202"
"325"	"306"
"325"	"34"
"325"	"35"
"325"	"198"
"325"	"285"
"325"	"151"
"325"	"83"
"325"	"161"
"325"	"16"
"325"	"200"
"325"	"69"
"325"	"118"
"325"	"79"
"325"	"168"
"325"	"169"
"325"	"170"
"325"	"214"
"325"	"284"
"325"	"254"
"325"	"50"
"325"	"138"
"325"	"48"
"325"	"134"
"325"	"165"
"325"	"133"
"325"	"17"
"325"	"49"
"325"	"90"
"325"	"251"
"325"	"307"
"325"	"233"
"325"	"278"
"325"	"205"
"325"	"18"
"325"	"40"
"325"	"157"
"325"	"76"
"167"	"6"
"167"	"307"
"167"	"76"
"167"	"166"
"227"	"124"
"227"	"151"
"227"	"90"
"227"	"251"
"227"	"305"
"227"	"307"
"227"	"278"
"227"	"205"
"227"	"40"
"227"	"129"
"227"	"162"
"227"	"163"
"227"	"232"
"227"	"132"
"227"	"76"
"227"	"325"
"21"	"6"
"21"	"90"
"21"	"251"
"21"	"76"
"21"	"166"
"21"	"167"
"290"	"165"
"290"	"121"
"290"	"273"
"290"	"6"
"290"	"90"
"290"	"251"
"290"	"305"
"290"	"76"
"290"	"166"
"290"	"167"
"341"	"124"
"341"	"255"
"341"	"121"
"341"	"273"
"341"	"6"
"341"	"292"
"341"	"40"
"341"	"141"
"341"	"166"
"341"	"325"
"341"	"167"
"314"	"124"
"314"	"216"
"314"	"3"
"314"	"38"
"314"	"55"
"314"	"119"
"314"	"316"
"314"	"214"
"314"	"284"
"314"	"39"
"314"	"254"
"314"	"121"
"314"	"273"
"314"	"6"
"314"	"90"
"314"	"251"
"314"	"166"
"314"	"167"
"294"	"124"
"294"	"216"
"294"	"3"
"294"	"38"
"294"	"45"
"294"	"55"
"294"	"119"
"294"	"316"
"294"	"214"
"294"	"284"
"294"	"39"
"294"	"254"
"294"	"121"
"294"	"273"
"294"	"6"
"294"	"90"
"294"	"251"
"294"	"307"
"294"	"40"
"294"	"76"
"294"	"166"
"294"	"167"
"327"	"136"
"327"	"216"
"327"	"3"
"327"	"38"
"327"	"55"
"327"	"119"
"327"	"135"
"327"	"316"
"327"	"214"
"327"	"284"
"327"	"39"
"327"	"254"
"327"	"134"
"327"	"121"
"327"	"273"
"327"	"133"
"327"	"6"
"327"	"90"
"327"	"251"
"327"	"307"
"327"	"40"
"327"	"76"
"327"	"166"
"327"	"167"
"291"	"124"
"291"	"136"
"291"	"216"
"291"	"3"
"291"	"38"
"291"	"55"
"291"	"119"
"291"	"135"
"291"	"316"
"291"	"214"
"291"	"284"
"291"	"39"
"291"	"254"
"291"	"134"
"291"	"121"
"291"	"273"
"291"	"133"
"291"	"6"
"291"	"90"
"291"	"251"
"291"	"307"
"291"	"142"
"291"	"315"
"291"	"141"
"291"	"76"
"291"	"166"
"291"	"167"
"193"	"136"
"193"	"182"
"193"	"184"
"193"	"185"
"193"	"186"
"193"	"189"
"193"	"190"
"193"	"191"
"193"	"210"
"193"	"213"
"193"	"242"
"193"	"243"
"193"	"249"
"193"	"272"
"193"	"328"
"193"	"158"
"193"	"159"
"193"	"7"
"193"	"263"
"193"	"334"
"193"	"117"
"193"	"209"
"193"	"9"
"193"	"15"
"193"	"63"
"193"	"82"
"193"	"84"
"193"	"218"
"193"	"244"
"193"	"245"
"193"	"256"
"193"	"309"
"193"	"310"
"193"	"320"
"193"	"330"
"193"	"335"
"193"	"336"
"193"	"8"
"193"	"131"
"193"	"135"
"193"	"217"
"193"	"267"
"193"	"289"
"193"	"47"
"193"	"70"
"193"	"160"
"193"	"172"
"193"	"173"
"193"	"174"
"193"	"177"
"193"	"199"
"193"	"201"
"193"	"202"
"193"	"257"
"193"	"306"
"193"	"322"
"193"	"139"
"193"	"229"
"193"	"285"
"193"	"67"
"193"	"241"
"193"	"24"
"193"	"151"
"193"	"1"
"193"	"59"
"193"	"83"
"193"	"258"
"193"	"12"
"193"	"5"
"193"	"152"
"193"	"161"
"193"	"16"
"193"	"200"
"193"	"69"
"193"	"118"
"193"	"155"
"193"	"4"
"193"	"192"
"193"	"88"
"193"	"2"
"193"	"20"
"193"	"277"
"193"	"60"
"193"	"79"
"193"	"168"
"193"	"169"
"193"	"170"
"193"	"50"
"193"	"138"
"193"	"48"
"193"	"134"
"193"	"165"
"193"	"121"
"193"	"273"
"193"	"133"
"193"	"240"
"193"	"282"
"193"	"87"
"193"	"6"
"193"	"49"
"193"	"252"
"193"	"90"
"193"	"251"
"193"	"100"
"193"	"307"
"193"	"228"
"193"	"338"
"193"	"183"
"193"	"236"
"193"	"233"
"193"	"278"
"193"	"205"
"193"	"18"
"193"	"232"
"193"	"194"
"193"	"76"
"193"	"166"
"193"	"167"
"302"	"124"
"302"	"332"
"302"	"136"
"302"	"182"
"302"	"184"
"302"	"185"
"302"	"186"
"302"	"189"
"302"	"190"
"302"	"191"
"302"	"210"
"302"	"213"
"302"	"242"
"302"	"243"
"302"	"249"
"302"	"250"
"302"	"272"
"302"	"328"
"302"	"158"
"302"	"159"
"302"	"7"
"302"	"263"
"302"	"334"
"302"	"117"
"302"	"209"
"302"	"9"
"302"	"15"
"302"	"63"
"302"	"82"
"302"	"84"
"302"	"216"
"302"	"218"
"302"	"244"
"302"	"245"
"302"	"256"
"302"	"309"
"302"	"310"
"302"	"320"
"302"	"330"
"302"	"335"
"302"	"336"
"302"	"3"
"302"	"8"
"302"	"38"
"302"	"55"
"302"	"119"
"302"	"131"
"302"	"135"
"302"	"217"
"302"	"267"
"302"	"289"
"302"	"316"
"302"	"47"
"302"	"70"
"302"	"160"
"302"	"172"
"302"	"173"
"302"	"174"
"302"	"177"
"302"	"199"
"302"	"201"
"302"	"202"
"302"	"257"
"302"	"306"
"302"	"322"
"302"	"139"
"302"	"229"
"302"	"285"
"302"	"67"
"302"	"241"
"302"	"151"
"302"	"1"
"302"	"59"
"302"	"83"
"302"	"258"
"302"	"12"
"302"	"5"
"302"	"152"
"302"	"161"
"302"	"16"
"302"	"200"
"302"	"69"
"302"	"118"
"302"	"155"
"302"	"4"
"302"	"192"
"302"	"88"
"302"	"2"
"302"	"20"
"302"	"277"
"302"	"60"
"302"	"79"
"302"	"168"
"302"	"169"
"302"	"170"
"302"	"214"
"302"	"284"
"302"	"39"
"302"	"254"
"302"	"50"
"302"	"138"
"302"	"48"
"302"	"134"
"302"	"165"
"302"	"121"
"302"	"273"
"302"	"133"
"302"	"240"
"302"	"87"
"302"	"6"
"302"	"49"
"302"	"252"
"302"	"90"
"302"	"251"
"302"	"100"
"302"	"228"
"302"	"338"
"302"	"183"
"302"	"236"
"302"	"46"
"302"	"51"
"302"	"233"
"302"	"278"
"302"	"195"
"302"	"205"
"302"	"18"
"302"	"162"
"302"	"163"
"302"	"232"
"302"	"132"
"302"	"194"
"302"	"231"
"302"	"157"
"302"	"207"
"302"	"166"
"302"	"167"
"275"	"124"
"275"	"136"
"275"	"184"
"275"	"185"
"275"	"186"
"275"	"189"
"275"	"190"
"275"	"191"
"275"	"210"
"275"	"213"
"275"	"242"
"275"	"243"
"275"	"272"
"275"	"328"
"275"	"158"
"275"	"159"
"275"	"7"
"275"	"334"
"275"	"209"
"275"	"9"
"275"	"15"
"275"	"63"
"275"	"82"
"275"	"84"
"275"	"216"
"275"	"218"
"275"	"244"
"275"	"245"
"275"	"256"
"275"	"309"
"275"	"310"
"275"	"320"
"275"	"330"
"275"	"3"
"275"	"8"
"275"	"38"
"275"	"55"
"275"	"119"
"275"	"135"
"275"	"217"
"275"	"267"
"275"	"316"
"275"	"47"
"275"	"160"
"275"	"173"
"275"	"174"
"275"	"285"
"275"	"241"
"275"	"83"
"275"	"161"
"275"	"16"
"275"	"79"
"275"	"168"
"275"	"169"
"275"	"170"
"275"	"214"
"275"	"284"
"275"	"39"
"275"	"254"
"275"	"50"
"275"	"138"
"275"	"48"
"275"	"134"
"275"	"165"
"275"	"121"
"275"	"273"
"275"	"133"
"275"	"6"
"275"	"49"
"275"	"90"
"275"	"251"
"275"	"307"
"275"	"228"
"275"	"40"
"275"	"76"
"275"	"166"
"275"	"167"
"275"	"327"
"298"	"269"
"298"	"220"
"298"	"270"
"298"	"22"
"298"	"297"
"298"	"193"
"298"	"302"
"261"	"151"
"261"	"94"
"261"	"6"
"261"	"17"
"261"	"144"
"261"	"143"
"261"	"187"
"261"	"142"
"261"	"269"
"261"	"321"
"261"	"140"
"261"	"220"
"261"	"141"
"261"	"270"
"261"	"166"
"261"	"167"
"261"	"193"
"261"	"302"
"80"	"182"
"80"	"117"
"80"	"289"
"80"	"70"
"80"	"172"
"80"	"177"
"80"	"306"
"80"	"241"
"80"	"151"
"80"	"69"
"80"	"118"
"80"	"121"
"80"	"273"
"80"	"6"
"80"	"90"
"80"	"89"
"80"	"251"
"80"	"197"
"80"	"46"
"80"	"51"
"80"	"233"
"80"	"278"
"80"	"195"
"80"	"205"
"80"	"18"
"80"	"40"
"80"	"232"
"80"	"132"
"80"	"269"
"80"	"194"
"80"	"130"
"80"	"231"
"80"	"326"
"80"	"220"
"80"	"270"
"80"	"223"
"80"	"248"
"80"	"166"
"80"	"167"
"80"	"327"
"80"	"193"
"80"	"302"
"128"	"28"
"128"	"136"
"128"	"184"
"128"	"185"
"128"	"186"
"128"	"189"
"128"	"190"
"128"	"191"
"128"	"210"
"128"	"213"
"128"	"242"
"128"	"243"
"128"	"249"
"128"	"272"
"128"	"328"
"128"	"158"
"128"	"159"
"128"	"7"
"128"	"334"
"128"	"209"
"128"	"102"
"128"	"319"
"128"	"323"
"128"	"324"
"128"	"339"
"128"	"9"
"128"	"15"
"128"	"63"
"128"	"82"
"128"	"84"
"128"	"216"
"128"	"218"
"128"	"244"
"128"	"245"
"128"	"256"
"128"	"309"
"128"	"310"
"128"	"320"
"128"	"330"
"128"	"3"
"128"	"8"
"128"	"38"
"128"	"55"
"128"	"119"
"128"	"135"
"128"	"217"
"128"	"267"
"128"	"316"
"128"	"47"
"128"	"160"
"128"	"173"
"128"	"174"
"128"	"322"
"128"	"285"
"128"	"241"
"128"	"24"
"128"	"151"
"128"	"83"
"128"	"161"
"128"	"16"
"128"	"79"
"128"	"168"
"128"	"169"
"128"	"170"
"128"	"214"
"128"	"284"
"128"	"39"
"128"	"254"
"128"	"50"
"128"	"138"
"128"	"48"
"128"	"134"
"128"	"165"
"128"	"121"
"128"	"133"
"128"	"282"
"128"	"106"
"128"	"6"
"128"	"49"
"128"	"252"
"128"	"90"
"128"	"251"
"128"	"305"
"128"	"307"
"128"	"228"
"128"	"26"
"128"	"27"
"128"	"51"
"128"	"18"
"128"	"40"
"128"	"163"
"128"	"232"
"128"	"315"
"128"	"132"
"128"	"264"
"128"	"208"
"128"	"326"
"128"	"220"
"128"	"207"
"128"	"270"
"128"	"266"
"128"	"76"
"128"	"297"
"128"	"276"
"128"	"227"
"128"	"193"
"128"	"302"
"128"	"275"
"283"	"23"
"283"	"25"
"283"	"33"
"283"	"57"
"283"	"58"
"283"	"62"
"283"	"65"
"283"	"71"
"283"	"72"
"283"	"73"
"283"	"74"
"283"	"77"
"283"	"78"
"283"	"101"
"283"	"107"
"283"	"108"
"283"	"112"
"283"	"113"
"283"	"114"
"283"	"122"
"283"	"124"
"283"	"126"
"283"	"127"
"283"	"154"
"283"	"171"
"283"	"180"
"283"	"260"
"283"	"279"
"283"	"280"
"283"	"304"
"283"	"311"
"283"	"332"
"283"	"136"
"283"	"102"
"283"	"319"
"283"	"323"
"283"	"324"
"283"	"339"
"283"	"110"
"283"	"216"
"283"	"337"
"283"	"3"
"283"	"38"
"283"	"55"
"283"	"119"
"283"	"135"
"283"	"316"
"283"	"214"
"283"	"284"
"283"	"39"
"283"	"254"
"283"	"134"
"283"	"299"
"283"	"121"
"283"	"273"
"283"	"133"
"283"	"6"
"283"	"270"
"283"	"128"
"212"	"23"
"212"	"25"
"212"	"33"
"212"	"57"
"212"	"58"
"212"	"62"
"212"	"65"
"212"	"71"
"212"	"72"
"212"	"73"
"212"	"74"
"212"	"77"
"212"	"78"
"212"	"101"
"212"	"107"
"212"	"108"
"212"	"112"
"212"	"113"
"212"	"114"
"212"	"122"
"212"	"124"
"212"	"126"
"212"	"127"
"212"	"154"
"212"	"171"
"212"	"180"
"212"	"260"
"212"	"279"
"212"	"280"
"212"	"304"
"212"	"311"
"212"	"332"
"212"	"182"
"212"	"249"
"212"	"117"
"212"	"102"
"212"	"319"
"212"	"323"
"212"	"324"
"212"	"339"
"212"	"216"
"212"	"3"
"212"	"38"
"212"	"55"
"212"	"119"
"212"	"289"
"212"	"316"
"212"	"70"
"212"	"172"
"212"	"177"
"212"	"306"
"212"	"241"
"212"	"151"
"212"	"69"
"212"	"118"
"212"	"214"
"212"	"284"
"212"	"39"
"212"	"254"
"212"	"121"
"212"	"273"
"212"	"6"
"212"	"90"
"212"	"251"
"212"	"307"
"212"	"233"
"212"	"278"
"212"	"205"
"212"	"18"
"212"	"194"
"212"	"326"
"212"	"76"
"212"	"166"
"212"	"167"
"212"	"327"
"212"	"193"
"212"	"302"
"212"	"128"
"11"	"136"
"11"	"135"
"11"	"151"
"11"	"59"
"11"	"83"
"11"	"258"
"11"	"134"
"11"	"121"
"11"	"273"
"11"	"133"
"11"	"17"
"11"	"252"
"11"	"90"
"11"	"251"
"11"	"228"
"11"	"51"
"11"	"205"
"11"	"129"
"11"	"142"
"11"	"264"
"11"	"326"
"11"	"176"
"11"	"141"
"11"	"54"
"11"	"212"
"221"	"28"
"221"	"263"
"221"	"335"
"221"	"336"
"221"	"199"
"221"	"201"
"221"	"202"
"221"	"257"
"221"	"322"
"221"	"139"
"221"	"229"
"221"	"67"
"221"	"241"
"221"	"1"
"221"	"59"
"221"	"258"
"221"	"12"
"221"	"5"
"221"	"152"
"221"	"200"
"221"	"155"
"221"	"4"
"221"	"192"
"221"	"88"
"221"	"2"
"221"	"20"
"221"	"277"
"221"	"60"
"221"	"240"
"221"	"87"
"221"	"153"
"221"	"90"
"221"	"251"
"221"	"100"
"221"	"307"
"221"	"228"
"221"	"183"
"221"	"236"
"221"	"26"
"221"	"27"
"221"	"269"
"221"	"208"
"221"	"204"
"221"	"326"
"221"	"157"
"221"	"220"
"221"	"270"
"221"	"76"
"221"	"193"
"221"	"302"
"221"	"275"
"221"	"212"
"286"	"23"
"286"	"25"
"286"	"33"
"286"	"57"
"286"	"58"
"286"	"62"
"286"	"65"
"286"	"71"
"286"	"72"
"286"	"73"
"286"	"74"
"286"	"77"
"286"	"78"
"286"	"101"
"286"	"107"
"286"	"108"
"286"	"112"
"286"	"113"
"286"	"114"
"286"	"122"
"286"	"124"
"286"	"126"
"286"	"127"
"286"	"154"
"286"	"171"
"286"	"180"
"286"	"260"
"286"	"279"
"286"	"280"
"286"	"304"
"286"	"311"
"286"	"332"
"286"	"28"
"286"	"249"
"286"	"131"
"286"	"153"
"286"	"6"
"286"	"252"
"286"	"90"
"286"	"292"
"286"	"251"
"286"	"307"
"286"	"68"
"286"	"26"
"286"	"27"
"286"	"46"
"286"	"51"
"286"	"315"
"286"	"208"
"286"	"204"
"286"	"76"
"286"	"166"
"286"	"167"
"286"	"327"
"286"	"302"
"286"	"212"
"206"	"255"
"206"	"305"
"206"	"232"
"206"	"157"
"206"	"290"
"206"	"291"
"206"	"11"
"145"	"6"
"145"	"270"
"145"	"76"
"145"	"166"
"145"	"276"
"145"	"167"
"145"	"294"
"145"	"327"
"145"	"275"
"145"	"80"
"145"	"128"
"145"	"212"
"145"	"221"
"120"	"124"
"120"	"28"
"120"	"182"
"120"	"249"
"120"	"117"
"120"	"8"
"120"	"131"
"120"	"289"
"120"	"70"
"120"	"172"
"120"	"177"
"120"	"306"
"120"	"241"
"120"	"151"
"120"	"255"
"120"	"69"
"120"	"118"
"120"	"94"
"120"	"153"
"120"	"6"
"120"	"313"
"120"	"17"
"120"	"90"
"120"	"89"
"120"	"251"
"120"	"307"
"120"	"68"
"120"	"26"
"120"	"27"
"120"	"46"
"120"	"51"
"120"	"233"
"120"	"278"
"120"	"205"
"120"	"18"
"120"	"40"
"120"	"194"
"120"	"264"
"120"	"208"
"120"	"204"
"120"	"326"
"120"	"220"
"120"	"207"
"120"	"76"
"120"	"248"
"120"	"166"
"120"	"325"
"120"	"167"
"120"	"314"
"120"	"193"
"120"	"302"
"120"	"128"
"120"	"212"
"120"	"286"
"308"	"94"
"308"	"29"
"308"	"6"
"308"	"17"
"308"	"144"
"308"	"292"
"308"	"143"
"308"	"89"
"308"	"56"
"308"	"64"
"308"	"196"
"308"	"111"
"308"	"32"
"308"	"305"
"308"	"68"
"308"	"197"
"308"	"181"
"308"	"253"
"308"	"187"
"308"	"40"
"308"	"129"
"308"	"142"
"308"	"315"
"308"	"269"
"308"	"321"
"308"	"312"
"308"	"264"
"308"	"130"
"308"	"326"
"308"	"140"
"308"	"220"
"308"	"95"
"308"	"176"
"308"	"31"
"308"	"141"
"308"	"270"
"308"	"54"
"308"	"175"
"308"	"223"
"308"	"295"
"308"	"266"
"308"	"340"
"308"	"248"
"308"	"22"
"308"	"96"
"308"	"166"
"308"	"297"
"308"	"276"
"308"	"325"
"308"	"167"
"308"	"227"
"308"	"341"
"308"	"294"
"308"	"327"
"308"	"291"
"308"	"193"
"308"	"302"
"308"	"275"
"308"	"298"
"308"	"80"
"308"	"128"
"308"	"283"
"308"	"212"
"308"	"11"
"308"	"221"
"308"	"286"
"308"	"120"
